model_type,case,label,label_prob,model_r2,model_intercept,model_prediction,feature,feature_value,feature_weight,feature_desc,data,prediction
classification,1,No,0.7142803904974238,0.3695219540886947,0.8219449928303488,0.7140022749539242,OverTime,2,-0.2799659109429688,OverTime = Yes,,
classification,1,No,0.7142803904974238,0.3695219540886947,0.8219449928303488,0.7140022749539242,PerformanceRating,4,0.17588336691884726,3.75 < PerformanceRating,,
classification,1,No,0.7142803904974238,0.3695219540886947,0.8219449928303488,0.7140022749539242,JobLevel,1,-0.09761128357179262,JobLevel = 1,,
classification,1,No,0.7142803904974238,0.3695219540886947,0.8219449928303488,0.7140022749539242,YearsSinceLastPromotion,0,0.09790157134677432,YearsSinceLastPromotion <= 1,,
classification,1,No,0.7142803904974238,0.3695219540886947,0.8219449928303488,0.7140022749539242,JobInvolvement,4,0.06576126114420482,3 < JobInvolvement,,
classification,1,No,0.7142803904974238,0.3695219540886947,0.8219449928303488,0.7140022749539242,JobSatisfaction,1,-0.06160864513241508,JobSatisfaction <= 2,,
classification,1,No,0.7142803904974238,0.3695219540886947,0.8219449928303488,0.7140022749539242,YearsWithCurrManager,0,-0.06122976096767233,YearsWithCurrManager <= 2,,
classification,1,No,0.7142803904974238,0.3695219540886947,0.8219449928303488,0.7140022749539242,Department,2,0.052926683328597735,Department = Research & Development,,
